{
  "load_times": {
    "original_load_time": 7.799414157867432,
    "quantized_load_time": 20.495359182357788
  },
  "memory": {
    "original": {
      "allocated_gb": 13.496713638305664,
      "reserved_gb": 13.51953125,
      "peak_gb": 13.50837516784668
    },
    "quantized": {
      "allocated_gb": 3.873666763305664,
      "reserved_gb": 3.896484375,
      "peak_gb": 3.885824680328369
    },
    "reduction_percent": 71.23395943593863
  },
  "inference_speed": {
    "original": {
      "avg_time_sec": 8.955142092704772,
      "avg_tokens": 256.0,
      "tokens_per_sec": 28.58692775054325
    },
    "quantized": {
      "avg_time_sec": 8.171260881423951,
      "avg_tokens": 128.0,
      "tokens_per_sec": 15.664657126660519
    },
    "speedup": 0.5479657437607242
  },
  "f1_scores": {
    "original": {
      "f1_entities": 0.187524144525859,
      "f1_relations": 0.16580521951280855,
      "f1_combined": 0.10318653117637597,
      "individual_scores": [
        0.0425531914893617,
        0.08602150537634408,
        0.0,
        0.15384615384615385,
        0.0547945205479452,
        0.0,
        0.0821917808219178,
        0.02816901408450704,
        0.1923076923076923,
        0.07407407407407408,
        0.1348314606741573,
        0.15789473684210528,
        0.021505376344086023,
        0.023255813953488372,
        0.17073170731707316,
        0.28571428571428575,
        0.16279069767441862,
        0.022727272727272724,
        0.10126582278481014,
        0.05063291139240506,
        0.11320754716981132,
        0.136986301369863,
        0.0425531914893617,
        0.075,
        0.029850746268656712,
        0.28125,
        0.049999999999999996,
        0.10989010989010989,
        0.06382978723404256,
        0.06060606060606061,
        0.1282051282051282,
        0.14084507042253522,
        0.027027027027027025,
        0.05714285714285715,
        0.22222222222222218,
        0.1176470588235294,
        0.3255813953488372,
        0.1492537313432836,
        0.0,
        0.14705882352941177,
        0.05263157894736842,
        0.03448275862068966,
        0.10256410256410255,
        0.15748031496062995,
        0.025974025974025972,
        0.04938271604938271,
        0.07407407407407408,
        0.11627906976744186,
        0.05128205128205128,
        0.11940298507462686,
        0.13333333333333333,
        0.1388888888888889,
        0.14634146341463414,
        0.18867924528301885,
        0.12698412698412698,
        0.15686274509803924,
        0.022988505747126436,
        0.10126582278481013,
        0.11428571428571428,
        0.1388888888888889,
        0.05797101449275362,
        0.2191780821917808,
        0.07792207792207793,
        0.02325581395348837,
        0.04819277108433735,
        0.05333333333333334,
        0.15384615384615383,
        0.023255813953488372,
        0.043478260869565216,
        0.12048192771084336,
        0.04819277108433734,
        0.1282051282051282,
        0.12307692307692307,
        0.10638297872340426,
        0.07894736842105263,
        0.11764705882352941,
        0.023809523809523805,
        0.06250000000000001,
        0.15789473684210525,
        0.09195402298850575,
        0.15625,
        0.13333333333333333,
        0.18867924528301885,
        0.10389610389610389,
        0.23333333333333334,
        0.20895522388059704,
        0.02666666666666667,
        0.05128205128205127,
        0.05263157894736841,
        0.07894736842105264,
        0.24137931034482757,
        0.04761904761904762,
        0.12820512820512822,
        0.22535211267605634,
        0.07407407407407407,
        0.09876543209876543,
        0.025,
        0.10666666666666669,
        0.0425531914893617,
        0.16
      ]
    },
    "quantized": {
      "f1_entities": 0.19864464966632053,
      "f1_relations": 0.17411568335391336,
      "f1_combined": 0.09979745674467927,
      "individual_scores": [
        0.14084507042253522,
        0.15384615384615383,
        0.0,
        0.10344827586206896,
        0.06349206349206349,
        0.028169014084507043,
        0.08333333333333333,
        0.14545454545454545,
        0.13333333333333333,
        0.15151515151515152,
        0.13888888888888887,
        0.16470588235294117,
        0.09677419354838708,
        0.10526315789473684,
        0.022727272727272728,
        0.16129032258064516,
        0.10666666666666666,
        0.0449438202247191,
        0.10526315789473682,
        0.07317073170731707,
        0.041237113402061855,
        0.08,
        0.075,
        0.09523809523809522,
        0.024691358024691357,
        0.21875,
        0.18518518518518517,
        0.10810810810810811,
        0.12121212121212122,
        0.044444444444444446,
        0.1875,
        0.05333333333333334,
        0.02564102564102564,
        0.0,
        0.13333333333333333,
        0.029850746268656716,
        0.11538461538461536,
        0.0923076923076923,
        0.0,
        0.10256410256410256,
        0.06557377049180328,
        0.0,
        0.14705882352941177,
        0.1746031746031746,
        0.0816326530612245,
        0.1016949152542373,
        0.08450704225352113,
        0.24489795918367346,
        0.07594936708860758,
        0.163265306122449,
        0.13793103448275862,
        0.10666666666666666,
        0.16901408450704225,
        0.07407407407407407,
        0.10810810810810811,
        0.07547169811320754,
        0.09374999999999999,
        0.03333333333333333,
        0.0625,
        0.0879120879120879,
        0.09090909090909091,
        0.10714285714285714,
        0.1754385964912281,
        0.02702702702702703,
        0.025974025974025976,
        0.05194805194805195,
        0.1,
        0.026666666666666665,
        0.14285714285714285,
        0.14705882352941174,
        0.08888888888888888,
        0.14545454545454545,
        0.17142857142857146,
        0.125,
        0.11363636363636363,
        0.08,
        0.04878048780487805,
        0.061538461538461535,
        0.13157894736842105,
        0.13793103448275865,
        0.0606060606060606,
        0.1846153846153846,
        0.12307692307692307,
        0.09411764705882353,
        0.15789473684210525,
        0.15,
        0.0273972602739726,
        0.09374999999999999,
        0.08823529411764706,
        0.09836065573770493,
        0.11494252873563218,
        0.028985507246376812,
        0.17647058823529413,
        0.13953488372093023,
        0.1111111111111111,
        0.14925373134328357,
        0.03225806451612903,
        0.08108108108108107,
        0.08108108108108109,
        0.14285714285714288
      ]
    },
    "degradation_percent": 3.2844155075857513
  }
}